{"stats":{"minecraft:broken":{"minecraft:iron_pickaxe":1},"minecraft:picked_up":{"minecraft:birch_log":35,"minecraft:birch_leaves":71,"minecraft:crafting_table":5,"minecraft:cooked_beef":1,"minecraft:andesite":6,"minecraft:leather":4,"minecraft:birch_planks":3,"gravestone:obituary":1,"minecraft:oak_log":6,"caves_and_cliffs_mod:raw_gold":16,"minecraft:lapis_lazuli":11,"minecraft:dirt":20,"minecraft:string":3,"caves_and_cliffs_mod:raw_iron":119,"minecraft:bone":9,"minecraft:wheat_seeds":1,"minecraft:gold_nugget":10,"minecraft:iron_ingot":37,"minecraft:beef":3,"minecraft:chest":2,"minecraft:birch_sapling":3,"minecraft:oak_planks":18,"minecraft:furnace":3,"minecraft:stick":1,"minecraft:cooked_porkchop":2,"minecraft:quartz":5,"minecraft:diorite":9,"minecraft:spider_eye":2,"minecraft:arrow":5,"minecraft:rotten_flesh":17,"minecraft:diamond":7,"minecraft:granite":4,"minecraft:grass":2,"minecraft:gold_ingot":6,"minecraft:netherrack":16,"minecraft:mutton":2,"minecraft:coal":99,"minecraft:white_wool":2,"minecraft:cobblestone":102},"minecraft:used":{"minecraft:water_bucket":6,"minecraft:diorite":6,"minecraft:oak_planks":2,"minecraft:chest":1,"minecraft:shield":35,"minecraft:iron_sword":95,"minecraft:rotten_flesh":11,"minecraft:dirt":2,"minecraft:crafting_table":5,"minecraft:granite":1,"minecraft:iron_axe":29,"minecraft:birch_sapling":3,"minecraft:iron_pickaxe":225,"minecraft:stone_axe":1,"minecraft:cobblestone":45,"minecraft:furnace":2,"minecraft:cooked_porkchop":8,"minecraft:bucket":7,"minecraft:andesite":6,"minecraft:cooked_beef":3},"minecraft:killed_by":{"minecraft:zombie":1},"minecraft:killed":{"minecraft:spider":5,"minecraft:sheep":1,"minecraft:skeleton":9,"minecraft:zombie":9,"minecraft:cow":2},"minecraft:mined":{"minecraft:diamond_ore":7,"minecraft:crafting_table":2,"gravestone:gravestone":1,"minecraft:granite":2,"minecraft:grass_block":4,"minecraft:chest":1,"minecraft:nether_quartz_ore":11,"minecraft:cobblestone":3,"minecraft:lapis_ore":2,"minecraft:diorite":3,"minecraft:furnace":2,"minecraft:birch_log":27,"minecraft:birch_leaves":1,"minecraft:andesite":4,"minecraft:oak_log":6,"minecraft:coal_ore":59,"minecraft:dirt":4,"minecraft:stone":114,"minecraft:netherrack":16},"minecraft:custom":{"minecraft:interact_with_furnace":31,"minecraft:mob_kills":27,"minecraft:interact_with_crafting_table":18,"minecraft:play_one_minute":76497,"minecraft:leave_game":4,"minecraft:time_since_death":3195,"minecraft:climb_one_cm":626,"minecraft:time_since_rest":3318,"minecraft:sprint_one_cm":152844,"minecraft:damage_taken":1283,"minecraft:walk_one_cm":176332,"minecraft:damage_blocked_by_shield":1045,"minecraft:drop":37,"minecraft:damage_dealt":4961,"minecraft:swim_one_cm":723,"minecraft:fly_one_cm":122375,"minecraft:open_chest":2,"minecraft:crouch_one_cm":13308,"minecraft:deaths":1,"minecraft:sneak_time":4787,"minecraft:walk_under_water_one_cm":1793,"minecraft:jump":1266,"minecraft:walk_on_water_one_cm":11308,"minecraft:fall_one_cm":20875},"minecraft:dropped":{"minecraft:golden_boots":1,"minecraft:iron_ingot":31,"minecraft:stone_axe":1,"minecraft:wheat_seeds":1,"minecraft:birch_planks":3,"minecraft:birch_leaves":35,"minecraft:diamond":3,"minecraft:cooked_porkchop":2,"minecraft:rotten_flesh":6,"minecraft:oak_planks":2,"minecraft:leather":4,"minecraft:granite":3,"minecraft:stick":1,"minecraft:grass":2,"minecraft:diorite":3,"minecraft:mutton":1,"gravestone:obituary":2,"minecraft:spider_eye":2,"minecraft:gold_nugget":10,"minecraft:arrow":5,"minecraft:string":1,"minecraft:quartz":5,"minecraft:white_wool":2,"minecraft:netherrack":16},"minecraft:crafted":{"minecraft:cooked_beef":2,"minecraft:oak_planks":24,"minecraft:cooked_porkchop":8,"minecraft:crafting_table":2,"minecraft:iron_helmet":1,"minecraft:iron_sword":1,"minecraft:furnace":2,"minecraft:bucket":1,"minecraft:birch_planks":140,"minecraft:stone_axe":1,"minecraft:air":0,"minecraft:iron_boots":1,"minecraft:iron_chestplate":1,"minecraft:shield":1,"minecraft:iron_axe":1,"minecraft:stick":20,"minecraft:iron_ingot":66,"minecraft:iron_pickaxe":2,"minecraft:chest":1,"minecraft:iron_leggings":1,"minecraft:gold_ingot":22,"minecraft:golden_boots":2}},"DataVersion":2586}