{"stats":{"minecraft:broken":{"minecraft:iron_pickaxe":1},"minecraft:used":{"minecraft:water_bucket":2,"minecraft:diorite":6,"minecraft:oak_planks":2,"minecraft:chest":1,"minecraft:shield":20,"minecraft:iron_sword":82,"minecraft:rotten_flesh":8,"minecraft:dirt":2,"minecraft:crafting_table":5,"minecraft:granite":1,"minecraft:iron_axe":26,"minecraft:iron_pickaxe":209,"minecraft:stone_axe":1,"minecraft:cobblestone":45,"minecraft:furnace":2,"minecraft:cooked_porkchop":8,"minecraft:bucket":3,"minecraft:andesite":6,"minecraft:cooked_beef":1},"minecraft:crafted":{"minecraft:oak_planks":24,"minecraft:cooked_porkchop":8,"minecraft:crafting_table":2,"minecraft:iron_helmet":1,"minecraft:iron_sword":1,"minecraft:furnace":2,"minecraft:bucket":1,"minecraft:birch_planks":128,"minecraft:stone_axe":1,"minecraft:air":0,"minecraft:iron_boots":1,"minecraft:iron_chestplate":1,"minecraft:shield":1,"minecraft:iron_axe":1,"minecraft:stick":20,"minecraft:iron_ingot":66,"minecraft:iron_pickaxe":2,"minecraft:chest":1,"minecraft:iron_leggings":1,"minecraft:gold_ingot":12,"minecraft:golden_boots":2},"minecraft:killed":{"minecraft:spider":2,"minecraft:sheep":1,"minecraft:skeleton":9,"minecraft:zombie":8},"minecraft:dropped":{"minecraft:golden_boots":1,"minecraft:iron_ingot":31,"minecraft:stone_axe":1,"minecraft:birch_leaves":35,"minecraft:diamond":3,"minecraft:cooked_porkchop":2,"minecraft:rotten_flesh":4,"minecraft:oak_planks":2,"minecraft:granite":3,"minecraft:stick":1,"minecraft:grass":1,"minecraft:diorite":3,"minecraft:gold_nugget":10,"minecraft:arrow":5,"minecraft:string":1,"minecraft:quartz":5},"minecraft:custom":{"minecraft:interact_with_furnace":22,"minecraft:mob_kills":21,"minecraft:interact_with_crafting_table":18,"minecraft:play_one_minute":58676,"minecraft:leave_game":2,"minecraft:time_since_death":58676,"minecraft:climb_one_cm":626,"minecraft:time_since_rest":58676,"minecraft:sprint_one_cm":130070,"minecraft:damage_taken":833,"minecraft:walk_one_cm":122976,"minecraft:damage_blocked_by_shield":665,"minecraft:drop":23,"minecraft:damage_dealt":4157,"minecraft:swim_one_cm":723,"minecraft:fly_one_cm":99027,"minecraft:open_chest":2,"minecraft:crouch_one_cm":11565,"minecraft:sneak_time":4366,"minecraft:walk_under_water_one_cm":1593,"minecraft:jump":991,"minecraft:walk_on_water_one_cm":10333,"minecraft:fall_one_cm":16215},"minecraft:picked_up":{"minecraft:birch_log":32,"minecraft:birch_leaves":71,"minecraft:crafting_table":4,"minecraft:cooked_beef":1,"minecraft:andesite":6,"minecraft:oak_log":6,"caves_and_cliffs_mod:raw_gold":16,"minecraft:dirt":20,"minecraft:lapis_lazuli":11,"minecraft:string":1,"caves_and_cliffs_mod:raw_iron":119,"minecraft:bone":9,"minecraft:gold_nugget":10,"minecraft:iron_ingot":37,"minecraft:chest":2,"minecraft:oak_planks":18,"minecraft:furnace":3,"minecraft:stick":1,"minecraft:cooked_porkchop":2,"minecraft:quartz":5,"minecraft:diorite":9,"minecraft:arrow":5,"minecraft:rotten_flesh":14,"minecraft:diamond":7,"minecraft:granite":4,"minecraft:grass":2,"minecraft:gold_ingot":6,"minecraft:mutton":2,"minecraft:coal":99,"minecraft:white_wool":1,"minecraft:cobblestone":102},"minecraft:mined":{"minecraft:diamond_ore":7,"minecraft:crafting_table":2,"minecraft:granite":2,"minecraft:grass_block":4,"minecraft:chest":1,"minecraft:nether_quartz_ore":11,"minecraft:cobblestone":3,"minecraft:lapis_ore":2,"minecraft:diorite":3,"minecraft:furnace":2,"minecraft:birch_log":24,"minecraft:andesite":4,"minecraft:oak_log":6,"minecraft:coal_ore":59,"minecraft:dirt":4,"minecraft:stone":114}},"DataVersion":2586}