{"stats":{"minecraft:dropped":{"minecraft:wheat_seeds":2,"minecraft:wooden_pickaxe":2,"minecraft:white_wool":1,"minecraft:acacia_planks":2},"minecraft:crafted":{"minecraft:cooked_beef":6,"minecraft:oak_planks":16,"minecraft:crafting_table":1,"minecraft:stick":12,"minecraft:wooden_pickaxe":1,"minecraft:stone_pickaxe":1,"minecraft:acacia_planks":44,"minecraft:stone_axe":1,"minecraft:air":0},"minecraft:custom":{"minecraft:time_since_rest":6631,"minecraft:interact_with_furnace":13,"minecraft:sprint_one_cm":41291,"minecraft:damage_taken":163,"minecraft:walk_one_cm":18586,"minecraft:mob_kills":3,"minecraft:drop":7,"minecraft:damage_dealt":498,"minecraft:swim_one_cm":5525,"minecraft:interact_with_crafting_table":3,"minecraft:fly_one_cm":113931,"minecraft:crouch_one_cm":8555,"minecraft:play_one_minute":15381,"minecraft:sneak_time":2365,"minecraft:walk_under_water_one_cm":87,"minecraft:jump":475,"minecraft:leave_game":1,"minecraft:walk_on_water_one_cm":1354,"minecraft:sleep_in_bed":1,"minecraft:time_since_death":15381,"minecraft:fall_one_cm":18898},"minecraft:mined":{"minecraft:white_bed":1,"minecraft:furnace":1,"minecraft:iron_ore":9,"minecraft:bee_nest":1,"minecraft:crafting_table":1,"minecraft:grass":12,"minecraft:acacia_log":11,"minecraft:grass_block":4,"minecraft:coal_ore":19,"minecraft:oak_log":4,"minecraft:dirt":1,"minecraft:tall_grass":7,"minecraft:stone":23,"minecraft:diorite":1,"minecraft:oak_leaves":2},"minecraft:used":{"minecraft:diorite":1,"minecraft:stone_pickaxe":56,"minecraft:wooden_pickaxe":3,"minecraft:stone_axe":26,"minecraft:dirt":3,"minecraft:mutton":1,"minecraft:crafting_table":1,"minecraft:egg":1,"minecraft:cooked_beef":2},"minecraft:picked_up":{"minecraft:crafting_table":1,"minecraft:dandelion":1,"minecraft:wooden_pickaxe":1,"minecraft:acacia_log":11,"minecraft:oak_log":4,"minecraft:diorite":1,"minecraft:white_bed":1,"minecraft:dirt":3,"minecraft:acacia_planks":2,"minecraft:wheat_seeds":2,"minecraft:beef":3,"minecraft:iron_ore":9,"minecraft:mutton":2,"minecraft:coal":20,"minecraft:furnace":1,"minecraft:white_wool":1,"minecraft:cobblestone":23,"minecraft:egg":1},"minecraft:killed":{"minecraft:sheep":1,"minecraft:skeleton":1,"minecraft:cow":1}},"DataVersion":2586}