{"stats":{"minecraft:dropped":{"minecraft:wheat_seeds":1},"minecraft:custom":{"minecraft:jump":64,"minecraft:time_since_rest":2036,"minecraft:crouch_one_cm":810,"minecraft:play_one_minute":2036,"minecraft:sprint_one_cm":6197,"minecraft:time_since_death":2036,"minecraft:walk_one_cm":1722,"minecraft:sneak_time":293,"minecraft:drop":1,"minecraft:fall_one_cm":2566,"minecraft:fly_one_cm":15073},"minecraft:mined":{"minecraft:grass":3,"minecraft:tall_grass":6,"minecraft:acacia_log":1,"minecraft:grass_block":4,"minecraft:dirt":1},"minecraft:used":{"minecraft:dirt":3},"minecraft:picked_up":{"minecraft:acacia_log":1,"minecraft:wheat_seeds":1,"minecraft:dirt":3}},"DataVersion":2586}