{"stats":{"minecraft:picked_up":{"minecraft:crafting_table":1,"minecraft:iron_ingot":7,"minecraft:oak_log":6,"minecraft:oak_planks":18},"minecraft:mined":{"minecraft:oak_log":6},"minecraft:custom":{"minecraft:jump":17,"minecraft:time_since_rest":5952,"minecraft:crouch_one_cm":369,"minecraft:damage_dealt":4,"minecraft:play_one_minute":5952,"minecraft:sprint_one_cm":2566,"minecraft:time_since_death":5952,"minecraft:walk_one_cm":2317,"minecraft:sneak_time":122,"minecraft:interact_with_crafting_table":5,"minecraft:fall_one_cm":209,"minecraft:fly_one_cm":2269},"minecraft:crafted":{"minecraft:iron_sword":1,"minecraft:shield":1,"minecraft:oak_planks":24,"minecraft:stick":12,"minecraft:iron_pickaxe":1}},"DataVersion":2586}