{"stats":{"minecraft:dropped":{"minecraft:diamond":3,"minecraft:quartz":1},"minecraft:picked_up":{"minecraft:crafting_table":2,"minecraft:cooked_beef":1,"minecraft:quartz":1,"minecraft:oak_log":6,"caves_and_cliffs_mod:raw_gold":7,"caves_and_cliffs_mod:raw_iron":29,"minecraft:diamond":7,"minecraft:iron_ingot":7,"minecraft:oak_planks":18,"minecraft:coal":34,"minecraft:cobblestone":30},"minecraft:mined":{"minecraft:diamond_ore":7,"minecraft:crafting_table":1,"minecraft:oak_log":6,"minecraft:coal_ore":33,"minecraft:nether_quartz_ore":6,"minecraft:cobblestone":1,"minecraft:stone":27},"minecraft:custom":{"minecraft:time_since_rest":17952,"minecraft:sprint_one_cm":37550,"minecraft:damage_taken":59,"minecraft:walk_one_cm":26917,"minecraft:mob_kills":1,"minecraft:drop":2,"minecraft:damage_dealt":154,"minecraft:swim_one_cm":239,"minecraft:interact_with_crafting_table":6,"minecraft:fly_one_cm":27179,"minecraft:crouch_one_cm":4848,"minecraft:play_one_minute":17952,"minecraft:sneak_time":1579,"minecraft:walk_under_water_one_cm":83,"minecraft:jump":226,"minecraft:time_since_death":17952,"minecraft:walk_on_water_one_cm":2114,"minecraft:fall_one_cm":5560},"minecraft:crafted":{"minecraft:oak_planks":24,"minecraft:shield":1,"minecraft:stick":12,"minecraft:iron_pickaxe":1,"minecraft:iron_sword":1,"minecraft:stone_axe":1},"minecraft:killed":{"minecraft:spider":1},"minecraft:used":{"minecraft:iron_pickaxe":74,"minecraft:oak_planks":2,"minecraft:iron_sword":3,"minecraft:stone_axe":1,"minecraft:cobblestone":5,"minecraft:crafting_table":1,"minecraft:cooked_beef":1}},"DataVersion":2586}