{"stats":{"minecraft:broken":{"minecraft:iron_pickaxe":1},"minecraft:used":{"minecraft:water_bucket":1,"minecraft:diorite":3,"minecraft:oak_planks":2,"minecraft:chest":1,"minecraft:shield":16,"minecraft:iron_sword":68,"minecraft:rotten_flesh":8,"minecraft:dirt":2,"minecraft:crafting_table":4,"minecraft:granite":1,"minecraft:iron_axe":3,"minecraft:iron_pickaxe":202,"minecraft:stone_axe":1,"minecraft:cobblestone":45,"minecraft:furnace":2,"minecraft:cooked_porkchop":8,"minecraft:bucket":2,"minecraft:andesite":6,"minecraft:cooked_beef":1},"minecraft:crafted":{"minecraft:oak_planks":24,"minecraft:cooked_porkchop":8,"minecraft:crafting_table":1,"minecraft:iron_helmet":1,"minecraft:iron_sword":1,"minecraft:furnace":2,"minecraft:bucket":1,"minecraft:birch_planks":8,"minecraft:stone_axe":1,"minecraft:air":0,"minecraft:iron_boots":1,"minecraft:iron_chestplate":1,"minecraft:shield":1,"minecraft:iron_axe":1,"minecraft:stick":20,"minecraft:iron_ingot":66,"minecraft:iron_pickaxe":2,"minecraft:chest":1,"minecraft:iron_leggings":1,"minecraft:gold_ingot":12},"minecraft:killed":{"minecraft:spider":2,"minecraft:skeleton":8,"minecraft:zombie":7},"minecraft:dropped":{"minecraft:iron_ingot":31,"minecraft:stone_axe":1,"minecraft:diamond":3,"minecraft:cooked_porkchop":2,"minecraft:rotten_flesh":3,"minecraft:gold_nugget":5,"minecraft:arrow":5,"minecraft:string":1,"minecraft:quartz":1},"minecraft:custom":{"minecraft:interact_with_furnace":20,"minecraft:mob_kills":17,"minecraft:interact_with_crafting_table":15,"minecraft:play_one_minute":46676,"minecraft:leave_game":2,"minecraft:time_since_death":46676,"minecraft:time_since_rest":46676,"minecraft:sprint_one_cm":105554,"minecraft:damage_taken":782,"minecraft:walk_one_cm":85728,"minecraft:damage_blocked_by_shield":535,"minecraft:drop":12,"minecraft:damage_dealt":3392,"minecraft:swim_one_cm":723,"minecraft:fly_one_cm":76790,"minecraft:open_chest":2,"minecraft:crouch_one_cm":11131,"minecraft:sneak_time":4178,"minecraft:walk_under_water_one_cm":1593,"minecraft:jump":809,"minecraft:walk_on_water_one_cm":10155,"minecraft:fall_one_cm":13378},"minecraft:picked_up":{"minecraft:birch_log":2,"minecraft:crafting_table":3,"minecraft:cooked_beef":1,"minecraft:andesite":6,"minecraft:oak_log":6,"caves_and_cliffs_mod:raw_gold":16,"minecraft:dirt":20,"minecraft:lapis_lazuli":11,"minecraft:string":1,"caves_and_cliffs_mod:raw_iron":119,"minecraft:bone":7,"minecraft:gold_nugget":5,"minecraft:iron_ingot":37,"minecraft:chest":1,"minecraft:oak_planks":18,"minecraft:furnace":3,"minecraft:cooked_porkchop":2,"minecraft:quartz":1,"minecraft:diorite":6,"minecraft:arrow":5,"minecraft:rotten_flesh":12,"minecraft:diamond":7,"minecraft:granite":4,"minecraft:gold_ingot":6,"minecraft:coal":99,"minecraft:cobblestone":101},"minecraft:mined":{"minecraft:diamond_ore":7,"minecraft:crafting_table":1,"minecraft:granite":2,"minecraft:grass_block":4,"minecraft:nether_quartz_ore":6,"minecraft:cobblestone":1,"minecraft:lapis_ore":2,"minecraft:diorite":3,"minecraft:furnace":2,"minecraft:birch_log":3,"minecraft:andesite":4,"minecraft:oak_log":6,"minecraft:coal_ore":59,"minecraft:dirt":4,"minecraft:stone":114}},"DataVersion":2586}