{"stats":{"minecraft:dropped":{"minecraft:diamond":3,"minecraft:quartz":1},"minecraft:picked_up":{"minecraft:crafting_table":2,"minecraft:cooked_beef":1,"minecraft:cooked_porkchop":2,"minecraft:quartz":1,"minecraft:oak_log":6,"caves_and_cliffs_mod:raw_gold":16,"minecraft:string":1,"caves_and_cliffs_mod:raw_iron":89,"minecraft:arrow":2,"minecraft:bone":3,"minecraft:rotten_flesh":6,"minecraft:diamond":7,"minecraft:iron_ingot":7,"minecraft:granite":1,"minecraft:oak_planks":18,"minecraft:coal":55,"minecraft:cobblestone":51},"minecraft:mined":{"minecraft:diamond_ore":7,"minecraft:crafting_table":1,"minecraft:granite":2,"minecraft:oak_log":6,"minecraft:coal_ore":54,"minecraft:nether_quartz_ore":6,"minecraft:cobblestone":1,"minecraft:stone":45},"minecraft:custom":{"minecraft:time_since_rest":29952,"minecraft:interact_with_furnace":3,"minecraft:sprint_one_cm":81821,"minecraft:damage_taken":394,"minecraft:walk_one_cm":55379,"minecraft:damage_blocked_by_shield":210,"minecraft:mob_kills":7,"minecraft:drop":2,"minecraft:damage_dealt":1297,"minecraft:swim_one_cm":239,"minecraft:interact_with_crafting_table":8,"minecraft:fly_one_cm":57080,"minecraft:crouch_one_cm":9654,"minecraft:play_one_minute":29952,"minecraft:sneak_time":3509,"minecraft:walk_under_water_one_cm":163,"minecraft:jump":511,"minecraft:time_since_death":29952,"minecraft:walk_on_water_one_cm":7969,"minecraft:fall_one_cm":9537},"minecraft:crafted":{"minecraft:oak_planks":24,"minecraft:shield":1,"minecraft:stick":12,"minecraft:iron_pickaxe":1,"minecraft:iron_sword":1,"minecraft:furnace":2,"minecraft:stone_axe":1},"minecraft:killed":{"minecraft:skeleton":3,"minecraft:zombie":2,"minecraft:spider":2},"minecraft:used":{"minecraft:iron_pickaxe":115,"minecraft:oak_planks":2,"minecraft:shield":4,"minecraft:iron_sword":24,"minecraft:rotten_flesh":6,"minecraft:stone_axe":1,"minecraft:cobblestone":5,"minecraft:crafting_table":2,"minecraft:furnace":2,"minecraft:cooked_porkchop":2,"minecraft:cooked_beef":1,"minecraft:granite":1}},"DataVersion":2586}