{"stats":{"minecraft:broken":{"minecraft:iron_pickaxe":1},"minecraft:picked_up":{"minecraft:birch_log":32,"minecraft:crafting_table":5,"minecraft:birch_leaves":179,"minecraft:clay_ball":276,"minecraft:leather":6,"minecraft:wooden_pickaxe":1,"minecraft:potion":1,"minecraft:birch_planks":7,"minecraft:flint":8,"gravestone:obituary":1,"minecraft:oak_log":17,"caves_and_cliffs_mod:raw_gold":19,"minecraft:golden_boots":1,"minecraft:string":7,"minecraft:lapis_lazuli":57,"minecraft:dirt":44,"caves_and_cliffs_mod:raw_iron":66,"minecraft:bone":8,"minecraft:bow":1,"minecraft:gold_nugget":14,"minecraft:iron_ingot":31,"minecraft:beef":4,"minecraft:iron_nugget":12,"minecraft:sugar_cane":4,"minecraft:soul_sand":7,"minecraft:birch_sapling":2,"minecraft:oak_planks":2,"minecraft:furnace":4,"minecraft:cooked_porkchop":2,"minecraft:gravel":81,"minecraft:porkchop":15,"minecraft:sand":1,"minecraft:diorite":6,"minecraft:redstone":108,"minecraft:crying_obsidian":4,"minecraft:spider_eye":4,"minecraft:arrow":13,"minecraft:rotten_flesh":29,"minecraft:diamond":5,"minecraft:stone_axe":1,"minecraft:granite":11,"minecraft:grass":2,"minecraft:oak_sapling":1,"minecraft:netherrack":19,"minecraft:mutton":2,"minecraft:coal":38,"minecraft:white_wool":1,"minecraft:cobblestone":181},"minecraft:used":{"minecraft:cooked_mutton":2,"minecraft:water_bucket":68,"minecraft:diorite":1,"minecraft:stone_sword":4,"minecraft:flint_and_steel":9,"minecraft:birch_leaves":81,"minecraft:stone_pickaxe":83,"minecraft:stone_shovel":107,"minecraft:wooden_pickaxe":4,"minecraft:shield":48,"minecraft:iron_sword":175,"minecraft:rotten_flesh":2,"minecraft:netherrack":11,"minecraft:dirt":44,"minecraft:crafting_table":7,"minecraft:granite":9,"minecraft:shears":221,"minecraft:lava_bucket":24,"minecraft:iron_axe":56,"minecraft:iron_pickaxe":206,"carryon:entity_item":5,"minecraft:gravel":59,"minecraft:stone_axe":1,"minecraft:cobblestone":141,"minecraft:bow":1,"minecraft:furnace":8,"minecraft:cooked_porkchop":7,"minecraft:bucket":93,"minecraft:cooked_beef":4},"minecraft:killed_by":{"minecraft:spider":1},"minecraft:killed":{"minecraft:pig":8,"minecraft:zombie_villager":1,"minecraft:spider":2,"minecraft:creeper":2,"minecraft:skeleton":10,"minecraft:zombie":19,"minecraft:enderman":1,"minecraft:cow":2},"minecraft:mined":{"minecraft:nether_gold_ore":4,"minecraft:diamond_ore":2,"minecraft:clay":71,"minecraft:crafting_table":6,"gravestone:gravestone":1,"minecraft:granite":11,"minecraft:grass_block":10,"minecraft:cobblestone":8,"minecraft:lapis_ore":9,"minecraft:sugar_cane":3,"minecraft:diorite":7,"minecraft:redstone_ore":24,"minecraft:furnace":4,"minecraft:birch_log":40,"minecraft:fire":16,"minecraft:birch_leaves":248,"minecraft:andesite":2,"minecraft:grass":15,"minecraft:coal_ore":37,"minecraft:oak_log":17,"minecraft:sand":1,"minecraft:gravel":83,"minecraft:dirt":8,"minecraft:stone":157,"minecraft:netherrack":19,"minecraft:oak_leaves":5},"minecraft:custom":{"minecraft:interact_with_furnace":49,"minecraft:mob_kills":46,"minecraft:interact_with_crafting_table":40,"minecraft:play_one_minute":114606,"minecraft:leave_game":2,"minecraft:time_since_death":990,"minecraft:climb_one_cm":100,"minecraft:time_since_rest":1039,"minecraft:sprint_one_cm":295477,"minecraft:damage_taken":936,"minecraft:walk_one_cm":231088,"minecraft:damage_blocked_by_shield":1800,"minecraft:drop":46,"minecraft:damage_dealt":7739,"minecraft:swim_one_cm":9087,"minecraft:fly_one_cm":238628,"minecraft:open_chest":2,"minecraft:crouch_one_cm":37929,"minecraft:deaths":1,"minecraft:sneak_time":14703,"minecraft:walk_under_water_one_cm":4638,"minecraft:jump":2063,"minecraft:walk_on_water_one_cm":27211,"minecraft:fall_one_cm":32116},"minecraft:dropped":{"minecraft:gravel":22,"minecraft:iron_ingot":7,"minecraft:stone_axe":1,"minecraft:soul_sand":7,"minecraft:birch_planks":11,"minecraft:iron_nugget":12,"minecraft:cooked_beef":1,"minecraft:stone_sword":1,"minecraft:birch_sapling":2,"minecraft:cooked_porkchop":2,"minecraft:stone_shovel":1,"minecraft:cobblestone":2,"minecraft:rotten_flesh":27,"minecraft:granite":2,"minecraft:shears":1,"minecraft:grass":2,"minecraft:diorite":3,"minecraft:oak_sapling":1,"gravestone:obituary":1,"minecraft:spider_eye":4,"minecraft:gold_nugget":5,"minecraft:sand":1,"minecraft:bow":1,"minecraft:stone_pickaxe":1,"minecraft:wooden_pickaxe":2,"minecraft:crying_obsidian":4},"minecraft:crafted":{"minecraft:cooked_beef":5,"minecraft:oak_planks":68,"minecraft:stone_shovel":1,"minecraft:cooked_porkchop":7,"minecraft:crafting_table":2,"minecraft:birch_boat":1,"minecraft:iron_helmet":1,"minecraft:wooden_pickaxe":1,"minecraft:iron_sword":1,"minecraft:furnace":4,"minecraft:bucket":1,"minecraft:birch_planks":16,"minecraft:cooked_mutton":2,"minecraft:air":0,"minecraft:flint_and_steel":1,"minecraft:iron_chestplate":1,"minecraft:iron_boots":1,"minecraft:shield":1,"minecraft:iron_axe":2,"minecraft:stick":20,"minecraft:iron_ingot":50,"minecraft:iron_pickaxe":2,"minecraft:stone_pickaxe":1,"minecraft:stone_sword":1,"minecraft:iron_shovel":1,"minecraft:gold_ingot":8,"minecraft:iron_leggings":1,"minecraft:shears":1}},"DataVersion":2586}