{"stats":{"minecraft:broken":{"minecraft:iron_pickaxe":1},"minecraft:used":{"minecraft:stone_sword":4,"minecraft:flint_and_steel":9,"minecraft:stone_shovel":107,"minecraft:chest":4,"minecraft:shield":48,"minecraft:iron_sword":215,"minecraft:rotten_flesh":2,"minecraft:netherrack":18,"minecraft:dirt":44,"minecraft:granite":9,"minecraft:lava_bucket":24,"minecraft:iron_axe":73,"carryon:entity_item":5,"minecraft:stone_bricks":1,"minecraft:bow":4,"minecraft:furnace":8,"minecraft:cooked_beef":4,"minecraft:cooked_mutton":2,"minecraft:water_bucket":69,"minecraft:diorite":1,"minecraft:birch_leaves":88,"minecraft:stone_pickaxe":83,"minecraft:wooden_pickaxe":4,"minecraft:birch_boat":6,"minecraft:crafting_table":8,"minecraft:shears":221,"minecraft:oak_log":1,"minecraft:bread":6,"minecraft:iron_pickaxe":230,"minecraft:gravel":59,"minecraft:stone_axe":1,"minecraft:cobblestone":141,"minecraft:cooked_porkchop":7,"minecraft:birch_log":1,"minecraft:bucket":94,"minecraft:experience_bottle":2},"minecraft:crafted":{"minecraft:oak_planks":68,"minecraft:stone_shovel":1,"minecraft:birch_boat":1,"minecraft:furnace":4,"minecraft:cooked_mutton":2,"minecraft:flint_and_steel":1,"minecraft:bow":1,"minecraft:iron_boots":1,"minecraft:iron_axe":2,"minecraft:stone_pickaxe":1,"minecraft:chest":2,"minecraft:wheat":423,"minecraft:cooked_beef":5,"minecraft:cooked_porkchop":7,"minecraft:crafting_table":3,"minecraft:wooden_pickaxe":1,"minecraft:iron_helmet":1,"minecraft:iron_sword":1,"minecraft:bucket":1,"minecraft:birch_planks":16,"minecraft:bread":141,"minecraft:air":0,"minecraft:iron_chestplate":1,"minecraft:shield":1,"minecraft:stick":24,"minecraft:iron_ingot":50,"minecraft:iron_pickaxe":2,"minecraft:stone_sword":1,"minecraft:iron_leggings":1,"minecraft:iron_shovel":1,"minecraft:gold_ingot":8,"minecraft:shears":1},"minecraft:killed":{"minecraft:spider":2,"minecraft:skeleton":10,"minecraft:pig":10,"minecraft:zombie_villager":1,"minecraft:salmon":1,"minecraft:creeper":2,"minecraft:sheep":2,"minecraft:zombie":19,"minecraft:enderman":1,"minecraft:cow":11},"minecraft:dropped":{"minecraft:iron_ingot":7,"minecraft:soul_sand":7,"minecraft:birch_planks":12,"minecraft:cooked_beef":1,"minecraft:cooked_porkchop":2,"minecraft:cobblestone":2,"minecraft:granite":2,"minecraft:grass":2,"minecraft:diorite":5,"gravestone:obituary":2,"minecraft:gold_nugget":5,"minecraft:sand":1,"minecraft:birch_log":1,"minecraft:gravel":22,"minecraft:stone_axe":1,"minecraft:sugar_cane":4,"minecraft:iron_nugget":12,"minecraft:stone_sword":1,"minecraft:birch_sapling":2,"minecraft:stone_shovel":1,"minecraft:rotten_flesh":27,"minecraft:clay_ball":64,"minecraft:oak_planks":68,"minecraft:shears":1,"minecraft:salmon":1,"minecraft:hay_block":47,"minecraft:oak_sapling":1,"minecraft:spider_eye":4,"minecraft:wooden_pickaxe":2,"minecraft:stone_pickaxe":1,"minecraft:bow":1,"minecraft:crying_obsidian":4,"minecraft:netherrack":14},"minecraft:killed_by":{"minecraft:spider":1},"minecraft:custom":{"minecraft:mob_kills":59,"minecraft:interact_with_anvil":2,"minecraft:interact_with_crafting_table":47,"minecraft:leave_game":2,"minecraft:time_since_death":24688,"minecraft:climb_one_cm":760,"minecraft:sprint_one_cm":349514,"minecraft:walk_one_cm":323210,"minecraft:damage_blocked_by_shield":1800,"minecraft:drop":57,"minecraft:talked_to_villager":6,"minecraft:deaths":1,"minecraft:sneak_time":16275,"minecraft:walk_under_water_one_cm":5033,"minecraft:boat_one_cm":4628,"minecraft:jump":2373,"minecraft:walk_on_water_one_cm":28043,"minecraft:interact_with_furnace":52,"minecraft:play_one_minute":138304,"minecraft:time_since_rest":24737,"minecraft:damage_taken":1242,"minecraft:damage_dealt":9003,"minecraft:fly_one_cm":281405,"minecraft:swim_one_cm":10657,"minecraft:open_chest":24,"minecraft:crouch_one_cm":43247,"minecraft:fall_one_cm":37021},"minecraft:picked_up":{"minecraft:crafting_table":5,"minecraft:clay_ball":276,"minecraft:wooden_pickaxe":1,"minecraft:potion":1,"gravestone:obituary":1,"caves_and_cliffs_mod:raw_gold":19,"minecraft:string":7,"caves_and_cliffs_mod:raw_iron":66,"minecraft:experience_bottle":2,"minecraft:gold_nugget":14,"minecraft:beef":23,"minecraft:iron_nugget":12,"minecraft:sugar_cane":8,"minecraft:chest":2,"minecraft:birch_sapling":2,"minecraft:furnace":4,"minecraft:oak_fence":3,"minecraft:porkchop":16,"minecraft:target":1,"minecraft:diorite":6,"minecraft:redstone":108,"minecraft:arrow":13,"minecraft:rotten_flesh":29,"minecraft:hay_block":94,"minecraft:carved_pumpkin":1,"minecraft:mutton":5,"minecraft:white_wool":2,"minecraft:cobblestone":181,"minecraft:birch_log":33,"minecraft:birch_leaves":179,"minecraft:salmon":1,"minecraft:leather":18,"minecraft:birch_planks":7,"minecraft:flint":8,"minecraft:oak_log":18,"minecraft:golden_boots":1,"minecraft:lapis_lazuli":57,"minecraft:dirt":44,"minecraft:lantern":1,"minecraft:bone":8,"minecraft:stone_bricks":1,"minecraft:bow":1,"minecraft:wheat_seeds":1,"minecraft:iron_ingot":34,"minecraft:oak_planks":70,"minecraft:soul_sand":7,"minecraft:cooked_porkchop":2,"minecraft:birch_boat":6,"minecraft:oak_pressure_plate":1,"minecraft:gravel":81,"minecraft:sand":1,"minecraft:crying_obsidian":4,"minecraft:spider_eye":4,"minecraft:diamond":5,"minecraft:stone_axe":1,"minecraft:granite":11,"minecraft:grass":2,"minecraft:oak_sapling":1,"minecraft:netherrack":46,"minecraft:coal":38},"minecraft:mined":{"minecraft:nether_gold_ore":4,"minecraft:diamond_ore":2,"caves_and_cliffs_mod:azalea_leaves_flowers":3,"minecraft:carved_pumpkin":1,"gravestone:gravestone":1,"minecraft:granite":11,"minecraft:grass_block":10,"minecraft:oak_pressure_plate":1,"minecraft:hay_block":47,"minecraft:redstone_ore":24,"minecraft:furnace":4,"minecraft:fire":25,"minecraft:target":1,"minecraft:andesite":2,"caves_and_cliffs_mod:azalea_leaves":6,"minecraft:stone":157,"minecraft:oak_fence":3,"minecraft:clay":71,"minecraft:crafting_table":6,"minecraft:chest":2,"minecraft:tall_grass":1,"minecraft:cobblestone":8,"minecraft:lapis_ore":9,"minecraft:sugar_cane":3,"minecraft:diorite":7,"minecraft:birch_log":41,"minecraft:birch_leaves":250,"minecraft:grass":25,"minecraft:oak_log":18,"minecraft:coal_ore":37,"minecraft:sunflower":1,"minecraft:gravel":83,"minecraft:sand":1,"minecraft:dirt":8,"minecraft:stone_bricks":1,"minecraft:netherrack":32,"minecraft:oak_leaves":5}},"DataVersion":2586}