{"stats":{"minecraft:broken":{"minecraft:iron_pickaxe":1},"minecraft:used":{"minecraft:stone_sword":4,"minecraft:flint_and_steel":9,"minecraft:stone_shovel":107,"minecraft:chest":4,"minecraft:shield":49,"minecraft:iron_sword":239,"minecraft:rotten_flesh":2,"minecraft:netherrack":18,"minecraft:dirt":45,"minecraft:target":1,"minecraft:white_carpet":7,"minecraft:granite":9,"minecraft:lava_bucket":24,"minecraft:iron_axe":73,"carryon:entity_item":5,"minecraft:stone_bricks":1,"minecraft:bow":18,"minecraft:furnace":8,"minecraft:cooked_beef":4,"minecraft:cooked_mutton":2,"minecraft:water_bucket":90,"minecraft:diorite":1,"minecraft:birch_leaves":89,"minecraft:stone_pickaxe":83,"minecraft:wooden_pickaxe":4,"minecraft:birch_boat":6,"minecraft:crafting_table":8,"minecraft:shears":221,"minecraft:oak_log":1,"minecraft:diamond_pickaxe":15,"minecraft:bread":10,"minecraft:oak_button":1,"minecraft:iron_pickaxe":232,"minecraft:oak_pressure_plate":1,"minecraft:gravel":59,"minecraft:stone_axe":1,"minecraft:cobblestone":141,"minecraft:cooked_porkchop":7,"minecraft:birch_log":2,"minecraft:bucket":115,"minecraft:experience_bottle":3},"minecraft:crafted":{"minecraft:oak_planks":68,"minecraft:stone_shovel":1,"minecraft:birch_boat":1,"minecraft:furnace":4,"minecraft:cooked_mutton":2,"minecraft:flint_and_steel":1,"minecraft:bow":1,"minecraft:iron_boots":1,"minecraft:iron_axe":2,"minecraft:stone_pickaxe":1,"minecraft:chest":2,"minecraft:oak_button":1,"minecraft:wheat":423,"minecraft:cooked_beef":5,"minecraft:cooked_porkchop":7,"minecraft:crafting_table":3,"minecraft:wooden_pickaxe":1,"minecraft:iron_helmet":1,"minecraft:iron_sword":1,"minecraft:bucket":1,"minecraft:birch_planks":16,"minecraft:bread":141,"minecraft:air":0,"minecraft:iron_chestplate":1,"minecraft:diamond_pickaxe":1,"minecraft:shield":1,"minecraft:stick":24,"minecraft:iron_ingot":50,"minecraft:iron_pickaxe":2,"minecraft:stone_sword":1,"minecraft:iron_leggings":1,"minecraft:iron_shovel":1,"minecraft:gold_ingot":8,"minecraft:shears":1},"minecraft:killed":{"minecraft:spider":2,"minecraft:horse":1,"minecraft:skeleton":10,"minecraft:pig":10,"minecraft:zombie_villager":1,"minecraft:salmon":1,"minecraft:creeper":3,"minecraft:sheep":2,"minecraft:zombie":21,"minecraft:enderman":1,"minecraft:cow":11},"minecraft:dropped":{"minecraft:iron_ingot":7,"minecraft:soul_sand":7,"minecraft:birch_planks":12,"minecraft:cooked_beef":1,"minecraft:cooked_porkchop":2,"minecraft:cobblestone":2,"minecraft:granite":2,"minecraft:dirt":1,"minecraft:grass":2,"minecraft:diorite":5,"gravestone:obituary":2,"minecraft:gold_nugget":5,"minecraft:sand":1,"minecraft:birch_log":1,"minecraft:gravel":22,"minecraft:stone_axe":1,"minecraft:sugar_cane":4,"minecraft:iron_nugget":12,"minecraft:stone_sword":1,"minecraft:birch_sapling":2,"minecraft:stone_shovel":1,"minecraft:rotten_flesh":27,"minecraft:clay_ball":64,"minecraft:oak_planks":68,"minecraft:shears":1,"minecraft:salmon":1,"minecraft:hay_block":47,"minecraft:skeleton_skull":1,"minecraft:oak_sapling":1,"minecraft:spider_eye":4,"minecraft:wooden_pickaxe":2,"minecraft:stone_pickaxe":1,"minecraft:bow":1,"minecraft:crying_obsidian":4,"minecraft:netherrack":14},"minecraft:killed_by":{"minecraft:spider":1},"minecraft:custom":{"minecraft:mob_kills":63,"minecraft:interact_with_anvil":2,"minecraft:interact_with_crafting_table":48,"minecraft:leave_game":2,"minecraft:time_since_death":48688,"minecraft:climb_one_cm":1374,"minecraft:sprint_one_cm":397161,"minecraft:walk_one_cm":382261,"minecraft:damage_blocked_by_shield":1830,"minecraft:drop":59,"minecraft:talked_to_villager":6,"minecraft:target_hit":5,"minecraft:deaths":1,"minecraft:sneak_time":19876,"minecraft:walk_under_water_one_cm":6282,"minecraft:boat_one_cm":4628,"minecraft:jump":2577,"minecraft:walk_on_water_one_cm":29985,"minecraft:interact_with_furnace":54,"minecraft:play_one_minute":162304,"minecraft:sleep_in_bed":1,"minecraft:time_since_rest":23242,"minecraft:damage_taken":1421,"minecraft:damage_dealt":10175,"minecraft:fly_one_cm":315875,"minecraft:swim_one_cm":10657,"minecraft:open_chest":27,"minecraft:crouch_one_cm":48846,"minecraft:fall_one_cm":40162,"minecraft:horse_one_cm":493919},"minecraft:picked_up":{"minecraft:crafting_table":5,"minecraft:azure_bluet":1,"minecraft:clay_ball":276,"minecraft:wooden_pickaxe":1,"minecraft:potion":1,"gravestone:obituary":1,"caves_and_cliffs_mod:raw_gold":19,"minecraft:string":7,"caves_and_cliffs_mod:raw_iron":66,"minecraft:white_carpet":7,"minecraft:zombie_head":1,"minecraft:experience_bottle":3,"minecraft:gold_nugget":14,"minecraft:beef":23,"minecraft:iron_nugget":12,"minecraft:sugar_cane":8,"minecraft:chest":2,"minecraft:birch_sapling":2,"minecraft:furnace":4,"minecraft:oak_fence":3,"minecraft:porkchop":16,"minecraft:target":1,"minecraft:diorite":6,"minecraft:carrot":1,"minecraft:redstone":108,"minecraft:arrow":13,"minecraft:rotten_flesh":29,"minecraft:hay_block":95,"minecraft:carved_pumpkin":1,"minecraft:saddle":1,"minecraft:obsidian":9,"minecraft:mutton":5,"minecraft:skeleton_skull":1,"minecraft:white_wool":2,"minecraft:cobblestone":183,"minecraft:oxeye_daisy":1,"minecraft:birch_log":34,"minecraft:birch_leaves":179,"minecraft:salmon":1,"minecraft:leather":18,"minecraft:birch_planks":7,"minecraft:flint":8,"minecraft:oak_log":18,"minecraft:golden_boots":1,"minecraft:gunpowder":2,"minecraft:lapis_lazuli":57,"minecraft:dirt":46,"minecraft:lantern":1,"minecraft:bone":8,"minecraft:stone_bricks":1,"minecraft:bow":1,"minecraft:wheat_seeds":5,"minecraft:iron_ingot":34,"minecraft:oak_planks":70,"minecraft:soul_sand":7,"minecraft:cooked_porkchop":2,"minecraft:birch_boat":6,"minecraft:oak_pressure_plate":1,"minecraft:gravel":81,"minecraft:sand":1,"minecraft:crying_obsidian":4,"minecraft:spider_eye":4,"minecraft:diamond":5,"minecraft:stone_axe":1,"minecraft:granite":11,"minecraft:grass":2,"minecraft:oak_sapling":1,"minecraft:netherrack":46,"minecraft:coal":38},"minecraft:mined":{"minecraft:nether_gold_ore":4,"minecraft:diamond_ore":2,"caves_and_cliffs_mod:azalea_leaves_flowers":3,"minecraft:obsidian":10,"minecraft:carved_pumpkin":1,"gravestone:gravestone":1,"minecraft:granite":11,"minecraft:grass_block":11,"minecraft:oak_pressure_plate":1,"minecraft:hay_block":48,"minecraft:redstone_ore":24,"minecraft:furnace":4,"minecraft:fire":25,"minecraft:target":1,"minecraft:andesite":2,"caves_and_cliffs_mod:azalea_leaves":6,"minecraft:stone":159,"minecraft:oak_fence":3,"minecraft:clay":71,"minecraft:crafting_table":6,"minecraft:chest":2,"minecraft:tall_grass":1,"minecraft:cobblestone":11,"minecraft:lapis_ore":9,"minecraft:sugar_cane":3,"minecraft:diorite":7,"minecraft:skeleton_skull":1,"minecraft:birch_log":41,"minecraft:white_carpet":6,"minecraft:birch_leaves":250,"minecraft:grass":28,"minecraft:oak_log":18,"minecraft:coal_ore":37,"minecraft:zombie_head":1,"minecraft:sunflower":1,"minecraft:gravel":83,"minecraft:sand":1,"minecraft:dirt":9,"minecraft:stone_bricks":1,"minecraft:netherrack":32,"minecraft:oak_leaves":5}},"DataVersion":2586}