{"stats":{"minecraft:picked_up":{"minecraft:crafting_table":4,"minecraft:clay_ball":276,"minecraft:leather":2,"minecraft:wooden_pickaxe":1,"minecraft:flint":3,"minecraft:oak_log":17,"minecraft:dirt":28,"caves_and_cliffs_mod:raw_iron":50,"minecraft:bone":1,"minecraft:gold_nugget":14,"minecraft:beef":4,"minecraft:furnace":3,"minecraft:gravel":49,"minecraft:sand":1,"minecraft:porkchop":15,"minecraft:rotten_flesh":5,"minecraft:granite":2,"minecraft:oak_sapling":1,"minecraft:netherrack":13,"minecraft:coal":25,"minecraft:cobblestone":35},"minecraft:dropped":{"minecraft:iron_ingot":7,"minecraft:stone_sword":1,"minecraft:wooden_pickaxe":1},"minecraft:mined":{"minecraft:nether_gold_ore":4,"minecraft:clay":71,"minecraft:crafting_table":5,"minecraft:grass_block":4,"minecraft:cobblestone":3,"minecraft:furnace":3,"minecraft:grass":6,"minecraft:oak_log":17,"minecraft:coal_ore":25,"minecraft:gravel":52,"minecraft:sand":1,"minecraft:dirt":3,"minecraft:stone":33,"minecraft:netherrack":13,"minecraft:oak_leaves":5},"minecraft:custom":{"minecraft:interact_with_furnace":19,"minecraft:mob_kills":15,"minecraft:interact_with_crafting_table":28,"minecraft:play_one_minute":40459,"minecraft:leave_game":1,"minecraft:time_since_death":40459,"minecraft:climb_one_cm":16,"minecraft:time_since_rest":40459,"minecraft:sprint_one_cm":119738,"minecraft:damage_taken":175,"minecraft:walk_one_cm":54638,"minecraft:damage_blocked_by_shield":385,"minecraft:drop":3,"minecraft:damage_dealt":2036,"minecraft:swim_one_cm":9075,"minecraft:fly_one_cm":92986,"minecraft:crouch_one_cm":7649,"minecraft:sneak_time":3908,"minecraft:walk_under_water_one_cm":2391,"minecraft:jump":624,"minecraft:walk_on_water_one_cm":11439,"minecraft:fall_one_cm":9965},"minecraft:crafted":{"minecraft:cooked_beef":4,"minecraft:oak_planks":68,"minecraft:stone_shovel":1,"minecraft:cooked_porkchop":3,"minecraft:crafting_table":1,"minecraft:wooden_pickaxe":1,"minecraft:iron_helmet":1,"minecraft:iron_sword":1,"minecraft:furnace":1,"minecraft:bucket":1,"minecraft:air":0,"minecraft:flint_and_steel":1,"minecraft:iron_boots":1,"minecraft:iron_chestplate":1,"minecraft:shield":1,"minecraft:iron_axe":1,"minecraft:stick":12,"minecraft:iron_ingot":50,"minecraft:iron_pickaxe":1,"minecraft:stone_pickaxe":1,"minecraft:stone_sword":1,"minecraft:gold_ingot":1,"minecraft:iron_leggings":1},"minecraft:killed":{"minecraft:pig":8,"minecraft:skeleton":2,"minecraft:zombie":3,"minecraft:cow":2},"minecraft:used":{"minecraft:water_bucket":11,"minecraft:stone_sword":4,"minecraft:flint_and_steel":1,"minecraft:stone_pickaxe":38,"minecraft:stone_shovel":73,"minecraft:wooden_pickaxe":4,"minecraft:shield":9,"minecraft:iron_sword":41,"minecraft:rotten_flesh":2,"minecraft:dirt":20,"minecraft:crafting_table":5,"minecraft:granite":2,"minecraft:lava_bucket":7,"minecraft:iron_axe":16,"minecraft:iron_pickaxe":42,"carryon:entity_item":5,"minecraft:gravel":41,"minecraft:cobblestone":14,"minecraft:furnace":3,"minecraft:cooked_porkchop":3,"minecraft:bucket":19,"minecraft:cooked_beef":1}},"DataVersion":2586}