{"stats":{"minecraft:broken":{"minecraft:iron_pickaxe":1},"minecraft:used":{"minecraft:cooked_mutton":2,"minecraft:water_bucket":64,"minecraft:stone_sword":4,"minecraft:flint_and_steel":7,"minecraft:birch_leaves":1,"minecraft:stone_pickaxe":83,"minecraft:stone_shovel":107,"minecraft:wooden_pickaxe":4,"minecraft:shield":42,"minecraft:iron_sword":153,"minecraft:rotten_flesh":2,"minecraft:netherrack":10,"minecraft:dirt":40,"minecraft:crafting_table":6,"minecraft:shears":221,"minecraft:granite":9,"minecraft:lava_bucket":15,"minecraft:iron_axe":56,"minecraft:iron_pickaxe":202,"carryon:entity_item":5,"minecraft:gravel":59,"minecraft:stone_axe":1,"minecraft:cobblestone":140,"minecraft:bow":1,"minecraft:furnace":8,"minecraft:cooked_porkchop":7,"minecraft:bucket":80,"minecraft:cooked_beef":4},"minecraft:crafted":{"minecraft:cooked_beef":5,"minecraft:oak_planks":68,"minecraft:stone_shovel":1,"minecraft:cooked_porkchop":7,"minecraft:crafting_table":1,"minecraft:iron_helmet":1,"minecraft:wooden_pickaxe":1,"minecraft:iron_sword":1,"minecraft:furnace":4,"minecraft:bucket":1,"minecraft:birch_planks":4,"minecraft:cooked_mutton":2,"minecraft:air":0,"minecraft:flint_and_steel":1,"minecraft:iron_boots":1,"minecraft:iron_chestplate":1,"minecraft:shield":1,"minecraft:iron_axe":2,"minecraft:stick":20,"minecraft:iron_ingot":50,"minecraft:iron_pickaxe":2,"minecraft:stone_pickaxe":1,"minecraft:iron_shovel":1,"minecraft:stone_sword":1,"minecraft:iron_leggings":1,"minecraft:gold_ingot":8,"minecraft:shears":1},"minecraft:killed":{"minecraft:pig":8,"minecraft:zombie_villager":1,"minecraft:spider":1,"minecraft:creeper":2,"minecraft:skeleton":9,"minecraft:zombie":17,"minecraft:enderman":1,"minecraft:cow":2},"minecraft:dropped":{"minecraft:gravel":22,"minecraft:iron_ingot":7,"minecraft:stone_axe":1,"minecraft:birch_planks":8,"minecraft:cooked_beef":1,"minecraft:stone_sword":1,"minecraft:cooked_porkchop":2,"minecraft:stone_shovel":1,"minecraft:cobblestone":2,"minecraft:rotten_flesh":27,"minecraft:granite":2,"minecraft:shears":1,"minecraft:grass":2,"minecraft:diorite":3,"minecraft:oak_sapling":1,"minecraft:spider_eye":4,"minecraft:gold_nugget":5,"minecraft:bow":1,"minecraft:sand":1,"minecraft:stone_pickaxe":1,"minecraft:wooden_pickaxe":2},"minecraft:custom":{"minecraft:interact_with_furnace":49,"minecraft:mob_kills":42,"minecraft:interact_with_crafting_table":38,"minecraft:play_one_minute":97791,"minecraft:leave_game":2,"minecraft:time_since_death":97791,"minecraft:climb_one_cm":100,"minecraft:time_since_rest":97791,"minecraft:sprint_one_cm":272895,"minecraft:damage_taken":742,"minecraft:walk_one_cm":191495,"minecraft:damage_blocked_by_shield":1690,"minecraft:drop":37,"minecraft:damage_dealt":6808,"minecraft:swim_one_cm":9087,"minecraft:fly_one_cm":211998,"minecraft:open_chest":2,"minecraft:crouch_one_cm":26766,"minecraft:sneak_time":11576,"minecraft:walk_under_water_one_cm":3156,"minecraft:jump":1743,"minecraft:walk_on_water_one_cm":25821,"minecraft:fall_one_cm":26160},"minecraft:picked_up":{"minecraft:birch_log":32,"minecraft:birch_leaves":179,"minecraft:crafting_table":5,"minecraft:clay_ball":276,"minecraft:leather":2,"minecraft:wooden_pickaxe":1,"minecraft:birch_planks":4,"minecraft:flint":8,"minecraft:oak_log":17,"minecraft:golden_boots":1,"caves_and_cliffs_mod:raw_gold":19,"minecraft:lapis_lazuli":57,"minecraft:dirt":40,"minecraft:string":3,"caves_and_cliffs_mod:raw_iron":66,"minecraft:bone":7,"minecraft:bow":1,"minecraft:gold_nugget":14,"minecraft:iron_ingot":31,"minecraft:beef":4,"minecraft:sugar_cane":4,"minecraft:birch_sapling":2,"minecraft:oak_planks":2,"minecraft:furnace":4,"minecraft:cooked_porkchop":2,"minecraft:gravel":81,"minecraft:porkchop":15,"minecraft:sand":1,"minecraft:diorite":3,"minecraft:redstone":108,"minecraft:spider_eye":4,"minecraft:arrow":13,"minecraft:rotten_flesh":29,"minecraft:diamond":5,"minecraft:stone_axe":1,"minecraft:granite":11,"minecraft:grass":2,"minecraft:oak_sapling":1,"minecraft:mutton":2,"minecraft:netherrack":19,"minecraft:coal":38,"minecraft:white_wool":1,"minecraft:cobblestone":180},"minecraft:mined":{"minecraft:nether_gold_ore":4,"minecraft:diamond_ore":2,"minecraft:clay":71,"minecraft:crafting_table":6,"minecraft:granite":11,"minecraft:grass_block":5,"minecraft:cobblestone":8,"minecraft:lapis_ore":9,"minecraft:sugar_cane":3,"minecraft:diorite":4,"minecraft:redstone_ore":24,"minecraft:furnace":4,"minecraft:birch_log":40,"minecraft:fire":6,"minecraft:birch_leaves":243,"minecraft:andesite":2,"minecraft:grass":13,"minecraft:oak_log":17,"minecraft:coal_ore":37,"minecraft:gravel":83,"minecraft:sand":1,"minecraft:dirt":8,"minecraft:stone":156,"minecraft:netherrack":19,"minecraft:oak_leaves":5}},"DataVersion":2586}