{"stats":{"minecraft:picked_up":{"minecraft:crafting_table":4,"minecraft:clay_ball":276,"minecraft:leather":2,"minecraft:wooden_pickaxe":1,"minecraft:flint":3,"minecraft:oak_log":17,"caves_and_cliffs_mod:raw_gold":19,"minecraft:lapis_lazuli":14,"minecraft:string":2,"minecraft:dirt":29,"caves_and_cliffs_mod:raw_iron":66,"minecraft:bone":3,"minecraft:bow":1,"minecraft:gold_nugget":14,"minecraft:beef":4,"minecraft:furnace":3,"minecraft:gravel":49,"minecraft:sand":1,"minecraft:porkchop":15,"minecraft:redstone":98,"minecraft:spider_eye":2,"minecraft:arrow":4,"minecraft:rotten_flesh":13,"minecraft:diamond":5,"minecraft:granite":10,"minecraft:oak_sapling":1,"minecraft:netherrack":13,"minecraft:coal":36,"minecraft:cobblestone":82},"minecraft:dropped":{"minecraft:gravel":8,"minecraft:iron_ingot":7,"minecraft:cooked_beef":1,"minecraft:stone_sword":1,"minecraft:cooked_porkchop":2,"minecraft:rotten_flesh":11,"minecraft:granite":1,"minecraft:oak_sapling":1,"minecraft:spider_eye":1,"minecraft:wooden_pickaxe":1},"minecraft:mined":{"minecraft:nether_gold_ore":4,"minecraft:diamond_ore":2,"minecraft:clay":71,"minecraft:crafting_table":5,"minecraft:granite":8,"minecraft:grass_block":4,"minecraft:cobblestone":8,"minecraft:lapis_ore":2,"minecraft:redstone_ore":22,"minecraft:furnace":3,"minecraft:fire":2,"minecraft:grass":6,"minecraft:oak_log":17,"minecraft:coal_ore":35,"minecraft:gravel":52,"minecraft:sand":1,"minecraft:dirt":3,"minecraft:stone":75,"minecraft:netherrack":13,"minecraft:oak_leaves":5},"minecraft:custom":{"minecraft:interact_with_furnace":32,"minecraft:mob_kills":32,"minecraft:interact_with_crafting_table":29,"minecraft:play_one_minute":64459,"minecraft:leave_game":1,"minecraft:time_since_death":64459,"minecraft:climb_one_cm":16,"minecraft:time_since_rest":64459,"minecraft:sprint_one_cm":216381,"minecraft:damage_taken":541,"minecraft:walk_one_cm":96993,"minecraft:damage_blocked_by_shield":1110,"minecraft:drop":14,"minecraft:damage_dealt":5337,"minecraft:swim_one_cm":9087,"minecraft:fly_one_cm":157636,"minecraft:crouch_one_cm":19664,"minecraft:sneak_time":8176,"minecraft:walk_under_water_one_cm":3156,"minecraft:jump":1122,"minecraft:walk_on_water_one_cm":24736,"minecraft:fall_one_cm":16108},"minecraft:crafted":{"minecraft:cooked_beef":4,"minecraft:oak_planks":68,"minecraft:stone_shovel":1,"minecraft:cooked_porkchop":7,"minecraft:crafting_table":1,"minecraft:wooden_pickaxe":1,"minecraft:iron_helmet":1,"minecraft:iron_sword":1,"minecraft:furnace":4,"minecraft:bucket":1,"minecraft:air":0,"minecraft:flint_and_steel":1,"minecraft:iron_boots":1,"minecraft:iron_chestplate":1,"minecraft:shield":1,"minecraft:iron_axe":1,"minecraft:stick":12,"minecraft:iron_ingot":50,"minecraft:iron_pickaxe":1,"minecraft:stone_pickaxe":1,"minecraft:stone_sword":1,"minecraft:gold_ingot":1,"minecraft:iron_leggings":1},"minecraft:killed":{"minecraft:pig":8,"minecraft:spider":1,"minecraft:creeper":2,"minecraft:skeleton":7,"minecraft:zombie":10,"minecraft:enderman":1,"minecraft:cow":2},"minecraft:used":{"minecraft:water_bucket":61,"minecraft:stone_sword":4,"minecraft:flint_and_steel":4,"minecraft:stone_pickaxe":38,"minecraft:stone_shovel":73,"minecraft:wooden_pickaxe":4,"minecraft:shield":31,"minecraft:iron_sword":104,"minecraft:rotten_flesh":2,"minecraft:netherrack":10,"minecraft:dirt":20,"minecraft:crafting_table":5,"minecraft:granite":9,"minecraft:lava_bucket":15,"minecraft:iron_axe":16,"minecraft:iron_pickaxe":134,"carryon:entity_item":5,"minecraft:gravel":41,"minecraft:cobblestone":26,"minecraft:furnace":7,"minecraft:cooked_porkchop":5,"minecraft:bucket":77,"minecraft:cooked_beef":3}},"DataVersion":2586}