{"stats":{"minecraft:dropped":{"minecraft:wheat_seeds":1,"minecraft:rotten_flesh":2,"minecraft:wooden_pickaxe":2,"minecraft:dandelion":1},"minecraft:crafted":{"minecraft:cooked_beef":9,"minecraft:oak_planks":72,"minecraft:crafting_table":1,"minecraft:stick":8,"minecraft:wooden_pickaxe":1,"minecraft:stone_pickaxe":1,"minecraft:stone_sword":1,"minecraft:furnace":1,"minecraft:white_bed":2,"minecraft:stone_axe":1,"minecraft:air":0},"minecraft:custom":{"minecraft:time_since_rest":5286,"minecraft:interact_with_furnace":13,"minecraft:sprint_one_cm":65786,"minecraft:damage_taken":200,"minecraft:walk_one_cm":20287,"minecraft:mob_kills":24,"minecraft:drop":5,"minecraft:damage_dealt":2169,"minecraft:swim_one_cm":5151,"minecraft:interact_with_crafting_table":5,"minecraft:fly_one_cm":95587,"minecraft:crouch_one_cm":744,"minecraft:play_one_minute":17490,"minecraft:sneak_time":598,"minecraft:walk_under_water_one_cm":976,"minecraft:jump":443,"minecraft:time_since_death":17490,"minecraft:walk_on_water_one_cm":3088,"minecraft:sleep_in_bed":2,"minecraft:fall_one_cm":13837},"minecraft:mined":{"minecraft:brown_mushroom":1,"minecraft:white_bed":1,"minecraft:dandelion":1,"minecraft:crafting_table":3,"minecraft:grass":45,"minecraft:grass_block":1,"minecraft:coal_ore":10,"minecraft:oak_log":18,"minecraft:gravel":9,"minecraft:tall_grass":8,"minecraft:stone":16,"minecraft:oak_leaves":2},"minecraft:used":{"minecraft:stone_sword":27,"minecraft:stone_pickaxe":10,"minecraft:wooden_pickaxe":16,"minecraft:gravel":5,"minecraft:stone_axe":30,"minecraft:dirt":2,"minecraft:crafting_table":3,"minecraft:furnace":1,"minecraft:white_bed":2,"minecraft:cooked_beef":3},"minecraft:picked_up":{"minecraft:stick":2,"minecraft:crafting_table":3,"minecraft:feather":1,"minecraft:chicken":3,"minecraft:leather":8,"minecraft:brown_mushroom":1,"minecraft:dandelion":1,"minecraft:wooden_pickaxe":1,"minecraft:gravel":9,"minecraft:porkchop":15,"minecraft:oak_log":18,"minecraft:white_bed":1,"minecraft:dirt":2,"minecraft:bone":1,"minecraft:rotten_flesh":2,"minecraft:wheat_seeds":8,"minecraft:beef":12,"minecraft:mutton":8,"minecraft:coal":10,"minecraft:white_wool":6,"minecraft:cobblestone":16},"minecraft:killed":{"minecraft:sheep":5,"minecraft:zombie":1,"minecraft:pig":8,"minecraft:bee":1,"minecraft:chicken":3,"minecraft:cow":6}},"DataVersion":2586}