{"stats":{"minecraft:broken":{"minecraft:iron_pickaxe":1},"minecraft:used":{"minecraft:water_bucket":64,"minecraft:stone_sword":4,"minecraft:flint_and_steel":4,"minecraft:stone_pickaxe":83,"minecraft:stone_shovel":107,"minecraft:wooden_pickaxe":4,"minecraft:shield":41,"minecraft:iron_sword":134,"minecraft:rotten_flesh":2,"minecraft:netherrack":10,"minecraft:dirt":20,"minecraft:crafting_table":5,"minecraft:granite":9,"minecraft:lava_bucket":15,"minecraft:iron_axe":16,"minecraft:iron_pickaxe":195,"carryon:entity_item":5,"minecraft:gravel":59,"minecraft:stone_axe":1,"minecraft:cobblestone":109,"minecraft:bow":1,"minecraft:furnace":7,"minecraft:cooked_porkchop":7,"minecraft:bucket":80,"minecraft:cooked_beef":3},"minecraft:crafted":{"minecraft:cooked_beef":4,"minecraft:oak_planks":68,"minecraft:stone_shovel":1,"minecraft:cooked_porkchop":7,"minecraft:crafting_table":1,"minecraft:iron_helmet":1,"minecraft:wooden_pickaxe":1,"minecraft:iron_sword":1,"minecraft:furnace":4,"minecraft:bucket":1,"minecraft:air":0,"minecraft:flint_and_steel":1,"minecraft:iron_boots":1,"minecraft:iron_chestplate":1,"minecraft:shield":1,"minecraft:iron_axe":1,"minecraft:stick":12,"minecraft:iron_ingot":50,"minecraft:iron_pickaxe":1,"minecraft:stone_pickaxe":1,"minecraft:stone_sword":1,"minecraft:iron_leggings":1,"minecraft:gold_ingot":1},"minecraft:killed":{"minecraft:pig":8,"minecraft:zombie_villager":1,"minecraft:spider":1,"minecraft:creeper":2,"minecraft:skeleton":9,"minecraft:zombie":16,"minecraft:enderman":1,"minecraft:cow":2},"minecraft:dropped":{"minecraft:gravel":8,"minecraft:iron_ingot":7,"minecraft:cooked_beef":1,"minecraft:stone_sword":1,"minecraft:cooked_porkchop":2,"minecraft:rotten_flesh":25,"minecraft:granite":2,"minecraft:diorite":3,"minecraft:oak_sapling":1,"minecraft:spider_eye":1,"minecraft:gold_nugget":5,"minecraft:sand":1,"minecraft:wooden_pickaxe":2},"minecraft:custom":{"minecraft:interact_with_furnace":37,"minecraft:mob_kills":42,"minecraft:interact_with_crafting_table":32,"minecraft:play_one_minute":81282,"minecraft:leave_game":1,"minecraft:time_since_death":81282,"minecraft:climb_one_cm":16,"minecraft:time_since_rest":81282,"minecraft:sprint_one_cm":265383,"minecraft:damage_taken":633,"minecraft:walk_one_cm":116986,"minecraft:damage_blocked_by_shield":1610,"minecraft:drop":21,"minecraft:damage_dealt":6705,"minecraft:swim_one_cm":9087,"minecraft:fly_one_cm":204869,"minecraft:open_chest":1,"minecraft:crouch_one_cm":23877,"minecraft:sneak_time":10741,"minecraft:walk_under_water_one_cm":3156,"minecraft:jump":1520,"minecraft:walk_on_water_one_cm":25563,"minecraft:fall_one_cm":22212},"minecraft:picked_up":{"minecraft:birch_log":1,"minecraft:crafting_table":5,"minecraft:clay_ball":276,"minecraft:leather":2,"minecraft:wooden_pickaxe":1,"minecraft:flint":8,"minecraft:oak_log":17,"caves_and_cliffs_mod:raw_gold":19,"minecraft:lapis_lazuli":57,"minecraft:dirt":40,"minecraft:string":3,"caves_and_cliffs_mod:raw_iron":66,"minecraft:bone":7,"minecraft:bow":1,"minecraft:gold_nugget":14,"minecraft:iron_ingot":31,"minecraft:beef":4,"minecraft:furnace":4,"minecraft:cooked_porkchop":2,"minecraft:gravel":74,"minecraft:porkchop":15,"minecraft:sand":1,"minecraft:diorite":3,"minecraft:redstone":108,"minecraft:spider_eye":2,"minecraft:arrow":13,"minecraft:rotten_flesh":27,"minecraft:diamond":5,"minecraft:stone_axe":1,"minecraft:granite":11,"minecraft:oak_sapling":1,"minecraft:netherrack":13,"minecraft:coal":38,"minecraft:cobblestone":179},"minecraft:mined":{"minecraft:nether_gold_ore":4,"minecraft:diamond_ore":2,"minecraft:clay":71,"minecraft:crafting_table":6,"minecraft:granite":11,"minecraft:grass_block":5,"minecraft:cobblestone":8,"minecraft:lapis_ore":9,"minecraft:diorite":4,"minecraft:redstone_ore":24,"minecraft:furnace":4,"minecraft:fire":2,"minecraft:andesite":2,"minecraft:grass":8,"minecraft:oak_log":17,"minecraft:coal_ore":37,"minecraft:gravel":83,"minecraft:sand":1,"minecraft:dirt":8,"minecraft:stone":156,"minecraft:netherrack":13,"minecraft:oak_leaves":5}},"DataVersion":2586}