{"stats":{"minecraft:picked_up":{"minecraft:crafting_table":4,"minecraft:clay_ball":276,"minecraft:leather":2,"minecraft:wooden_pickaxe":1,"minecraft:flint":3,"minecraft:oak_log":17,"caves_and_cliffs_mod:raw_gold":6,"minecraft:lapis_lazuli":14,"minecraft:string":2,"minecraft:dirt":29,"caves_and_cliffs_mod:raw_iron":63,"minecraft:bone":1,"minecraft:gold_nugget":14,"minecraft:beef":4,"minecraft:furnace":3,"minecraft:gravel":49,"minecraft:sand":1,"minecraft:porkchop":15,"minecraft:redstone":58,"minecraft:spider_eye":1,"minecraft:rotten_flesh":5,"minecraft:diamond":3,"minecraft:granite":2,"minecraft:oak_sapling":1,"minecraft:netherrack":13,"minecraft:coal":34,"minecraft:cobblestone":51},"minecraft:dropped":{"minecraft:gravel":8,"minecraft:iron_ingot":7,"minecraft:cooked_beef":1,"minecraft:stone_sword":1,"minecraft:rotten_flesh":3,"minecraft:oak_sapling":1,"minecraft:wooden_pickaxe":1},"minecraft:mined":{"minecraft:nether_gold_ore":4,"minecraft:clay":71,"minecraft:crafting_table":5,"minecraft:grass_block":4,"minecraft:cobblestone":8,"minecraft:lapis_ore":2,"minecraft:redstone_ore":13,"minecraft:furnace":3,"minecraft:fire":2,"minecraft:grass":6,"minecraft:oak_log":17,"minecraft:coal_ore":35,"minecraft:gravel":52,"minecraft:sand":1,"minecraft:dirt":3,"minecraft:stone":50,"minecraft:netherrack":13,"minecraft:oak_leaves":5},"minecraft:custom":{"minecraft:interact_with_furnace":19,"minecraft:mob_kills":18,"minecraft:interact_with_crafting_table":28,"minecraft:play_one_minute":52459,"minecraft:leave_game":1,"minecraft:time_since_death":52459,"minecraft:climb_one_cm":16,"minecraft:time_since_rest":52459,"minecraft:sprint_one_cm":165868,"minecraft:damage_taken":340,"minecraft:walk_one_cm":74259,"minecraft:damage_blocked_by_shield":465,"minecraft:drop":7,"minecraft:damage_dealt":2903,"minecraft:swim_one_cm":9075,"minecraft:fly_one_cm":125309,"minecraft:crouch_one_cm":16144,"minecraft:sneak_time":7057,"minecraft:walk_under_water_one_cm":2780,"minecraft:jump":838,"minecraft:walk_on_water_one_cm":12870,"minecraft:fall_one_cm":13203},"minecraft:crafted":{"minecraft:cooked_beef":4,"minecraft:oak_planks":68,"minecraft:stone_shovel":1,"minecraft:cooked_porkchop":3,"minecraft:crafting_table":1,"minecraft:wooden_pickaxe":1,"minecraft:iron_helmet":1,"minecraft:iron_sword":1,"minecraft:furnace":1,"minecraft:bucket":1,"minecraft:air":0,"minecraft:flint_and_steel":1,"minecraft:iron_boots":1,"minecraft:iron_chestplate":1,"minecraft:shield":1,"minecraft:iron_axe":1,"minecraft:stick":12,"minecraft:iron_ingot":50,"minecraft:iron_pickaxe":1,"minecraft:stone_pickaxe":1,"minecraft:stone_sword":1,"minecraft:gold_ingot":1,"minecraft:iron_leggings":1},"minecraft:killed":{"minecraft:pig":8,"minecraft:spider":1,"minecraft:skeleton":3,"minecraft:zombie":3,"minecraft:enderman":1,"minecraft:cow":2},"minecraft:used":{"minecraft:water_bucket":27,"minecraft:stone_sword":4,"minecraft:flint_and_steel":4,"minecraft:stone_pickaxe":38,"minecraft:stone_shovel":73,"minecraft:wooden_pickaxe":4,"minecraft:shield":11,"minecraft:iron_sword":58,"minecraft:rotten_flesh":2,"minecraft:netherrack":6,"minecraft:dirt":20,"minecraft:crafting_table":5,"minecraft:granite":2,"minecraft:lava_bucket":15,"minecraft:iron_axe":16,"minecraft:iron_pickaxe":90,"carryon:entity_item":5,"minecraft:gravel":41,"minecraft:cobblestone":26,"minecraft:furnace":3,"minecraft:cooked_porkchop":3,"minecraft:bucket":43,"minecraft:cooked_beef":2}},"DataVersion":2586}