{"stats":{"minecraft:dropped":{"minecraft:wheat_seeds":1},"minecraft:crafted":{"minecraft:stone_sword":1,"minecraft:furnace":1,"minecraft:oak_planks":52,"minecraft:stone_axe":1,"minecraft:crafting_table":1,"minecraft:stick":8,"minecraft:wooden_pickaxe":1,"minecraft:stone_pickaxe":1},"minecraft:custom":{"minecraft:time_since_rest":5490,"minecraft:play_one_minute":5490,"minecraft:crouch_one_cm":135,"minecraft:sprint_one_cm":13255,"minecraft:walk_one_cm":3291,"minecraft:sneak_time":164,"minecraft:mob_kills":4,"minecraft:drop":1,"minecraft:jump":94,"minecraft:damage_dealt":280,"minecraft:walk_on_water_one_cm":1688,"minecraft:time_since_death":5490,"minecraft:fall_one_cm":2357,"minecraft:interact_with_crafting_table":2,"minecraft:fly_one_cm":19988},"minecraft:mined":{"minecraft:grass":14,"minecraft:grass_block":1,"minecraft:oak_log":13,"minecraft:gravel":4,"minecraft:stone":16,"minecraft:oak_leaves":2,"minecraft:crafting_table":2},"minecraft:used":{"minecraft:stone_axe":4,"minecraft:stone_sword":1,"minecraft:dirt":2,"minecraft:crafting_table":2,"minecraft:wooden_pickaxe":16},"minecraft:picked_up":{"minecraft:crafting_table":2,"minecraft:chicken":1,"minecraft:wheat_seeds":2,"minecraft:gravel":4,"minecraft:oak_log":13,"minecraft:white_wool":3,"minecraft:mutton":4,"minecraft:dirt":2,"minecraft:cobblestone":16},"minecraft:killed":{"minecraft:sheep":3,"minecraft:chicken":1}},"DataVersion":2586}