{
  "minecraft:recipes/misc/charcoal": {
    "criteria": {
      "has_log": "2024-10-07 00:02:03 +0000"
    },
    "done": true
  },
  "minecraft:recipes/building_blocks/acacia_wood": {
    "criteria": {
      "has_log": "2024-10-07 00:02:03 +0000"
    },
    "done": true
  },
  "minecraft:recipes/building_blocks/acacia_planks": {
    "criteria": {
      "has_log": "2024-10-07 00:02:03 +0000"
    },
    "done": true
  },
  "minecraft:adventure/adventuring_time": {
    "criteria": {
      "minecraft:river": "2024-10-07 00:01:45 +0000",
      "minecraft:savanna": "2024-10-07 00:01:46 +0000",
      "minecraft:plains": "2024-10-07 00:00:23 +0000"
    },
    "done": false
  },
  "DataVersion": 2586
}